"Emma","Noah","40","Mexico"
"William","Emma","41","Poland"
"Emma","Sophia","27","Poland"
"Sophia","Liam","52","Thailand"
"John","Sophia","24","Egypt"
"David","Charlotte","6","Poland"
"Emma","Emma","52","Poland"
"James","Léa","27","Australia"
"Olivia","Noah","10","Thailand"
"Sophia","Emma","33","Brazil"
"Sophia","Léa","29","Indonesia"
"Olivia","Léa","19","Australia"
"James","Liam","42","Indonesia"
"William","Lucas","27","Mexico"
"Isabella","Olivia","24","Kenya"
"James","Lucas","11","Egypt"
"James","Noah","46","Indonesia"
"Michael","Gabriel","59","Thailand"
"Michael","Liam","4","Canada"
"Michael","Gabriel","4","Thailand"
"Sophia","Olivia","52","Mexico"
"William","Noah","3","Poland"
"William","Gabriel","5","Thailand"
"Olivia","Liam","4","Poland"
"Emma","Charlotte","51","Egypt"
"Sophia","Olivia","3","Mexico"
"James","Léa","38","Indonesia"
"Olivia","Gabriel","18","Egypt"
"William","Sophia","44","Indonesia"
"Olivia","Gabriel","8","Kenya"
"David","Emma","46","Poland"
"Michael","Léa","35","Poland"
"Isabella","Lucas","15","Poland"
"Michael","Olivia","18","Poland"
"William","Liam","31","Kenya"
"Sophia","Olivia","8","Thailand"
"Isabella","Charlotte","47","Poland"
"Olivia","Liam","59","Thailand"
"James","Olivia","42","Egypt"
"Michael","Gabriel","3","Egypt"
