FirstName,LastName,Age,Country
William,Charlotte,24,Thailand
Emma,Emma,19,Egypt
David,Charlotte,38,Poland
Isabella,Léa,37,Brazil
Isabella,Gabriel,59,Kenya
David,Gabriel,53,Canada
Emma,Noah,43,Indonesia
David,Noah,3,Australia
Olivia,Léa,55,Kenya
Michael,Léa,29,Australia
Isabella,Gabriel,30,Poland
Emma,Olivia,36,Brazil
William,Liam,34,Kenya
John,Liam,8,Egypt
Emma,Liam,41,Mexico
John,Liam,20,Australia
Emma,Sophia,20,Australia
Sophia,Lucas,44,Poland
David,Lucas,25,Australia
John,Olivia,21,Kenya
Isabella,Charlotte,22,Thailand
Olivia,Lucas,9,Poland
Isabella,Charlotte,36,Mexico
Olivia,Léa,31,Indonesia
Isabella,Sophia,16,Kenya
Michael,Lucas,44,Poland
Emma,Lucas,22,Egypt
William,Sophia,49,Canada
John,Gabriel,43,Mexico
John,Olivia,28,Brazil
Sophia,Léa,40,Poland
Sophia,Charlotte,32,Poland
Olivia,Léa,3,Egypt
Isabella,Liam,32,Kenya
Sophia,Emma,8,Egypt
James,Gabriel,11,Mexico
Michael,Lucas,31,Kenya
John,Charlotte,38,Australia
Michael,Gabriel,57,Australia
Isabella,Lucas,21,Mexico
